2017092210555597.jpg,1200172320,04901611,2017年08月30日,0
2017092509304878.jpg,3100171320,80342838,2017年08月31日,0
2017092514500268.jpg,3100171320,80342838,2017年08月31日,0
2017092509304674.jpg,3200164320,09290595,2017年09月07日,0
2017092510201685.jpg,3200164320,09290595,2017年09月07日,0
2017092514500635.jpg,3200164320,09290595,2017年09月07日,0
2017092509304731.jpg,3100171130,25786710,2017年08月24日,1
2017092509304767.jpg,3100171130,25786710,2017年08月24日,1
2017092510202061.jpg,3100171130,25786710,2017年08月24日,1
2017092514500837.jpg,3100171130,25786710,2017年08月24日,1
2017092514500967.jpg,3100171130,25786710,2017年08月24日,1
201709251020208.jpg,3100171130,25786710,2017年08月24日,1
2017092509304984.jpg,3100171320,80342829,2017年08月31日,0
2017092510202146.jpg,3100171320,80342829,2017年08月31日,0
2017092514500799.jpg,3100171320,80342829,2017年08月31日,0
2017092509304998.jpg,4100172320,11252125,2017年09月05日,0
2017092510202271.jpg,4100172320,11252125,2017年09月05日,0
2017092514500671.jpg,4100172320,11252125,2017年09月05日,0
2017092509304218.jpg,3200171130,19460944,2017年09月08日,1
2017092509304665.jpg,3200171130,19460944,2017年09月08日,1
2017092510201977.jpg,3200171130,19460944,2017年09月08日,1
2017092510202290.jpg,3200171130,19460944,2017年09月08日,1
2017092514500579.jpg,3200171130,19460944,2017年09月08日,1
2017092514500768.jpg,3200171130,19460944,2017年09月08日,1
201709251020248.jpg,3100171320,80342828,2017年08月31日,0
2017092610261519.jpg,4400171350,00001581,2017年09月13日,0
2017092610292380.jpg,4400171350,00001581,2017年09月13日,0
2017092610261949.jpg,3700162320,29000934,2017年09月20日,0
2017092610292164.jpg,3700162320,29000934,2017年09月20日,0
2017092610261970.jpg,3700164320,49726343,2017年09月18日,0
2017092610292091.jpg,3700164320,49726343,2017年09月18日,0
2017092610262053.jpg,3700162350,24687161,2017年09月22日,0
201709261029206.jpg,3700162350,24687161,2017年09月22日,0
201709261026216.jpg,3700162350,24687164,2017年09月22日,0
201709261029199.jpg,3700162350,24687164,2017年09月22日,0
2017092610262171.jpg,3100172320,32993644,2017年09月22日,0
2017092610291950.jpg,3100172320,32993644,2017年09月22日,0
2017092610262272.jpg,1200172320,00479421,2017年09月18日,0
2017092610313886.jpg,1200172320,00479421,2017年09月18日,0
2017092610262293.jpg,3700162350,24687159,2017年09月19日,0
2017092610291710.jpg,3700162350,24687159,2017年09月19日,0
2017092610262346.jpg,3700162350,24687160,2017年09月19日,0
201709261029148.jpg,3700162350,24687160,2017年09月19日,0
2017092610291891.jpg,1200172320,00479421,2017年09月18日,0
201709261029214.jpg,1300171320,12675925,2017年09月22日,0
201709261026188.jpg,3500163350,08028622,2017年09月15日,0
2017092610292298.jpg,3500163350,08028622,2017年09月15日,0
2017092610292320.jpg,3300164320,06195385,2017年09月19日,0
2017092610292445.jpg,1100172320,39236552,2017年09月15日,0
2017092610292446.jpg,3200172130,24135273,2017年09月18日,1
2017092610292538.jpg,3700164320,12090000,2017年09月21日,0
2017092610313656.jpg,3700164320,12090000,2017年09月21日,0
2017092610292611.jpg,3100172320,32993643,2017年09月21日,0
2017092610292629.jpg,3100172320,32993642,2017年09月21日,0
2017092610292719.jpg,1300171320,25836927,2017年09月19日,0
2017092610313315.jpg,1300171320,25836927,2017年09月19日,0
201709261032046.jpg,1300171320,25836927,2017年09月19日,0
2017092610292792.jpg,1300171320,25836928,2017年09月19日,0
2017092610293081.jpg,4403172320,04166587,2017年09月19日,0
2017092610325551.jpg,1300171320,25836928,2017年09月19日,0
201709261041055.jpg,3700164320,49726356,2017年09月20日,0
2017092610410889.jpg,1200171320,15188000,2017年09月18日,0
2017092610410932.jpg,1200171320,15187999,2017年09月18日,0
2017092610411017.jpg,3700162350,24687163,2017年09月22日,0
2017092610411051.jpg,1200171320,15187998,2017年09月18日,0
2017092610411161.jpg,3100172320,42708655,2017年09月20日,0
2017092610411172.jpg,3700171320,26419009,2017年09月18日,0
2017092610411256.jpg,3702163130,11625738,2017年09月20日,1
2017092610411292.jpg,3700171320,26419010,2017年09月18日,0
2017092610411340.jpg,3500163350,08028621,2017年09月15日,0
2017092610411456.jpg,3700171320,26419011,2017年09月18日,0
2017092610411458.jpg,3300164320,06195383,2017年09月19日,0
2017092610411548.jpg,3702164320,07177961,2017年09月23日,0
2017092610411588.jpg,1200172320,00479420,2017年09月18日,0
2017092610411698.jpg,3700164320,01277576,2017年06月26日,0
2017092610411776.jpg,3700164320,13536961,2017年09月19日,0
201709261041178.jpg,3700164320,49726360,2017年09月22日,0
2017092610411840.jpg,3700164320,13536962,2017年09月19日,0
201709261041184.jpg,3200171320,07907753,2017年09月20日,0
2017092610411916.jpg,3702164320,09801773,2017年09月19日,0
2017092610411946.jpg,3200172350,07012559,2017年09月20日,0
2017092610412015.jpg,3702164320,09801772,2017年09月19日,0
2017092610412133.jpg,4100162350,09456649,2017年09月08日,0
201709261041213.jpg,3100172320,42708654,2017年09月20日,0
2017092610412261.jpg,3700164320,49726314,2017年09月12日,0
2017092610412275.jpg,4100162350,09456648,2017年09月08日,0
2017092610412394.jpg,3700164320,49726315,2017年09月12日,0
2017092610412419.jpg,3700164320,26498390,2017年09月15日,0
2017092610412458.jpg,3200164320,48859761,2017年09月13日,0
2017092610412576.jpg,3700164320,26498391,2017年09月15日,0
2017092610412589.jpg,3700162350,24687145,2017年09月13日,0
201709261041263.jpg,3700171320,26393998,2017年09月11日,0
2017092610412696.jpg,3700162350,24687146,2017年09月13日,0
2017092610412728.jpg,3700171320,26393999,2017年09月11日,0
2017092610412831.jpg,4400171350,00001603,2017年09月14日,0
201709261041327.jpg,4300172320,16748541,2017年09月12日,0
201709261041393.jpg,4400162350,01930614,2017年09月15日,0
201709261044454.jpg,1200163350,00953451,2017年09月20日,0
201709261044459.jpg,2200171320,01494630,2017年09月22日,0
